year,quarter,table,column_name,column_order
2025,Q1,demo,primaryid,1
2025,Q1,demo,caseid,2
2025,Q1,demo,caseversion,3
2025,Q1,demo,i_f_code,4
2025,Q1,demo,event_dt,5
2025,Q1,demo,mfr_dt,6
2025,Q1,demo,init_fda_dt,7
2025,Q1,demo,fda_dt,8
2025,Q1,demo,rept_cod,9
2025,Q1,demo,auth_num,10
2025,Q1,demo,mfr_num,11
2025,Q1,demo,mfr_sndr,12
2025,Q1,demo,lit_ref,13
2025,Q1,demo,age,14
2025,Q1,demo,age_cod,15
2025,Q1,demo,age_grp,16
2025,Q1,demo,sex,17
2025,Q1,demo,e_sub,18
2025,Q1,demo,wt,19
2025,Q1,demo,wt_cod,20
2025,Q1,demo,rept_dt,21
2025,Q1,demo,to_mfr,22
2025,Q1,demo,occp_cod,23
2025,Q1,demo,reporter_country,24
2025,Q1,demo,occr_country,25
2025,Q1,demo,source_year,26
2025,Q1,demo,source_quarter,27
2025,Q1,drug,primaryid,1
2025,Q1,drug,caseid,2
2025,Q1,drug,drug_seq,3
2025,Q1,drug,role_cod,4
2025,Q1,drug,drugname,5
2025,Q1,drug,prod_ai,6
2025,Q1,drug,val_vbm,7
2025,Q1,drug,route,8
2025,Q1,drug,dose_vbm,9
2025,Q1,drug,cum_dose_chr,10
2025,Q1,drug,cum_dose_unit,11
2025,Q1,drug,dechal,12
2025,Q1,drug,rechal,13
2025,Q1,drug,lot_num,14
2025,Q1,drug,exp_dt,15
2025,Q1,drug,nda_num,16
2025,Q1,drug,dose_amt,17
2025,Q1,drug,dose_unit,18
2025,Q1,drug,dose_form,19
2025,Q1,drug,dose_freq,20
2025,Q1,drug,source_year,21
2025,Q1,drug,source_quarter,22
2025,Q1,reac,primaryid,1
2025,Q1,reac,caseid,2
2025,Q1,reac,pt,3
2025,Q1,reac,drug_rec_act,4
2025,Q1,reac,source_year,5
2025,Q1,reac,source_quarter,6
2025,Q1,outc,primaryid,1
2025,Q1,outc,caseid,2
2025,Q1,outc,outc_cod,3
2025,Q1,outc,source_year,4
2025,Q1,outc,source_quarter,5
2025,Q1,indi,primaryid,1
2025,Q1,indi,caseid,2
2025,Q1,indi,indi_drug_seq,3
2025,Q1,indi,indi_pt,4
2025,Q1,indi,source_year,5
2025,Q1,indi,source_quarter,6
2025,Q1,ther,primaryid,1
2025,Q1,ther,caseid,2
2025,Q1,ther,dsg_drug_seq,3
2025,Q1,ther,start_dt,4
2025,Q1,ther,end_dt,5
2025,Q1,ther,dur,6
2025,Q1,ther,dur_cod,7
2025,Q1,ther,source_year,8
2025,Q1,ther,source_quarter,9
2025,Q1,rpsr,primaryid,1
2025,Q1,rpsr,caseid,2
2025,Q1,rpsr,rpsr_cod,3
2025,Q1,rpsr,source_year,4
2025,Q1,rpsr,source_quarter,5
2025,Q1,delete,caseid,1
2025,Q1,delete,source_year,2
2025,Q1,delete,source_quarter,3
2025,Q2,demo,primaryid,1
2025,Q2,demo,caseid,2
2025,Q2,demo,caseversion,3
2025,Q2,demo,i_f_code,4
2025,Q2,demo,event_dt,5
2025,Q2,demo,mfr_dt,6
2025,Q2,demo,init_fda_dt,7
2025,Q2,demo,fda_dt,8
2025,Q2,demo,rept_cod,9
2025,Q2,demo,auth_num,10
2025,Q2,demo,mfr_num,11
2025,Q2,demo,mfr_sndr,12
2025,Q2,demo,lit_ref,13
2025,Q2,demo,age,14
2025,Q2,demo,age_cod,15
2025,Q2,demo,age_grp,16
2025,Q2,demo,sex,17
2025,Q2,demo,e_sub,18
2025,Q2,demo,wt,19
2025,Q2,demo,wt_cod,20
2025,Q2,demo,rept_dt,21
2025,Q2,demo,to_mfr,22
2025,Q2,demo,occp_cod,23
2025,Q2,demo,reporter_country,24
2025,Q2,demo,occr_country,25
2025,Q2,demo,source_year,26
2025,Q2,demo,source_quarter,27
2025,Q2,drug,primaryid,1
2025,Q2,drug,caseid,2
2025,Q2,drug,drug_seq,3
2025,Q2,drug,role_cod,4
2025,Q2,drug,drugname,5
2025,Q2,drug,prod_ai,6
2025,Q2,drug,val_vbm,7
2025,Q2,drug,route,8
2025,Q2,drug,dose_vbm,9
2025,Q2,drug,cum_dose_chr,10
2025,Q2,drug,cum_dose_unit,11
2025,Q2,drug,dechal,12
2025,Q2,drug,rechal,13
2025,Q2,drug,lot_num,14
2025,Q2,drug,exp_dt,15
2025,Q2,drug,nda_num,16
2025,Q2,drug,dose_amt,17
2025,Q2,drug,dose_unit,18
2025,Q2,drug,dose_form,19
2025,Q2,drug,dose_freq,20
2025,Q2,drug,source_year,21
2025,Q2,drug,source_quarter,22
2025,Q2,reac,primaryid,1
2025,Q2,reac,caseid,2
2025,Q2,reac,pt,3
2025,Q2,reac,drug_rec_act,4
2025,Q2,reac,source_year,5
2025,Q2,reac,source_quarter,6
2025,Q2,outc,primaryid,1
2025,Q2,outc,caseid,2
2025,Q2,outc,outc_cod,3
2025,Q2,outc,source_year,4
2025,Q2,outc,source_quarter,5
2025,Q2,indi,primaryid,1
2025,Q2,indi,caseid,2
2025,Q2,indi,indi_drug_seq,3
2025,Q2,indi,indi_pt,4
2025,Q2,indi,source_year,5
2025,Q2,indi,source_quarter,6
2025,Q2,ther,primaryid,1
2025,Q2,ther,caseid,2
2025,Q2,ther,dsg_drug_seq,3
2025,Q2,ther,start_dt,4
2025,Q2,ther,end_dt,5
2025,Q2,ther,dur,6
2025,Q2,ther,dur_cod,7
2025,Q2,ther,source_year,8
2025,Q2,ther,source_quarter,9
2025,Q2,rpsr,primaryid,1
2025,Q2,rpsr,caseid,2
2025,Q2,rpsr,rpsr_cod,3
2025,Q2,rpsr,source_year,4
2025,Q2,rpsr,source_quarter,5
2025,Q2,delete,caseid,1
2025,Q2,delete,source_year,2
2025,Q2,delete,source_quarter,3
2025,Q3,demo,primaryid,1
2025,Q3,demo,caseid,2
2025,Q3,demo,caseversion,3
2025,Q3,demo,i_f_code,4
2025,Q3,demo,event_dt,5
2025,Q3,demo,mfr_dt,6
2025,Q3,demo,init_fda_dt,7
2025,Q3,demo,fda_dt,8
2025,Q3,demo,rept_cod,9
2025,Q3,demo,auth_num,10
2025,Q3,demo,mfr_num,11
2025,Q3,demo,mfr_sndr,12
2025,Q3,demo,lit_ref,13
2025,Q3,demo,age,14
2025,Q3,demo,age_cod,15
2025,Q3,demo,age_grp,16
2025,Q3,demo,sex,17
2025,Q3,demo,e_sub,18
2025,Q3,demo,wt,19
2025,Q3,demo,wt_cod,20
2025,Q3,demo,rept_dt,21
2025,Q3,demo,to_mfr,22
2025,Q3,demo,occp_cod,23
2025,Q3,demo,reporter_country,24
2025,Q3,demo,occr_country,25
2025,Q3,demo,source_year,26
2025,Q3,demo,source_quarter,27
2025,Q3,drug,primaryid,1
2025,Q3,drug,caseid,2
2025,Q3,drug,drug_seq,3
2025,Q3,drug,role_cod,4
2025,Q3,drug,drugname,5
2025,Q3,drug,prod_ai,6
2025,Q3,drug,val_vbm,7
2025,Q3,drug,route,8
2025,Q3,drug,dose_vbm,9
2025,Q3,drug,cum_dose_chr,10
2025,Q3,drug,cum_dose_unit,11
2025,Q3,drug,dechal,12
2025,Q3,drug,rechal,13
2025,Q3,drug,lot_num,14
2025,Q3,drug,exp_dt,15
2025,Q3,drug,nda_num,16
2025,Q3,drug,dose_amt,17
2025,Q3,drug,dose_unit,18
2025,Q3,drug,dose_form,19
2025,Q3,drug,dose_freq,20
2025,Q3,drug,source_year,21
2025,Q3,drug,source_quarter,22
2025,Q3,reac,primaryid,1
2025,Q3,reac,caseid,2
2025,Q3,reac,pt,3
2025,Q3,reac,drug_rec_act,4
2025,Q3,reac,source_year,5
2025,Q3,reac,source_quarter,6
2025,Q3,outc,primaryid,1
2025,Q3,outc,caseid,2
2025,Q3,outc,outc_cod,3
2025,Q3,outc,source_year,4
2025,Q3,outc,source_quarter,5
2025,Q3,indi,primaryid,1
2025,Q3,indi,caseid,2
2025,Q3,indi,indi_drug_seq,3
2025,Q3,indi,indi_pt,4
2025,Q3,indi,source_year,5
2025,Q3,indi,source_quarter,6
2025,Q3,ther,primaryid,1
2025,Q3,ther,caseid,2
2025,Q3,ther,dsg_drug_seq,3
2025,Q3,ther,start_dt,4
2025,Q3,ther,end_dt,5
2025,Q3,ther,dur,6
2025,Q3,ther,dur_cod,7
2025,Q3,ther,source_year,8
2025,Q3,ther,source_quarter,9
2025,Q3,rpsr,primaryid,1
2025,Q3,rpsr,caseid,2
2025,Q3,rpsr,rpsr_cod,3
2025,Q3,rpsr,source_year,4
2025,Q3,rpsr,source_quarter,5
2025,Q3,delete,caseid,1
2025,Q3,delete,source_year,2
2025,Q3,delete,source_quarter,3
2025,Q4,demo,primaryid,1
2025,Q4,demo,caseid,2
2025,Q4,demo,caseversion,3
2025,Q4,demo,i_f_code,4
2025,Q4,demo,event_dt,5
2025,Q4,demo,mfr_dt,6
2025,Q4,demo,init_fda_dt,7
2025,Q4,demo,fda_dt,8
2025,Q4,demo,rept_cod,9
2025,Q4,demo,auth_num,10
2025,Q4,demo,mfr_num,11
2025,Q4,demo,mfr_sndr,12
2025,Q4,demo,lit_ref,13
2025,Q4,demo,age,14
2025,Q4,demo,age_cod,15
2025,Q4,demo,age_grp,16
2025,Q4,demo,sex,17
2025,Q4,demo,e_sub,18
2025,Q4,demo,wt,19
2025,Q4,demo,wt_cod,20
2025,Q4,demo,rept_dt,21
2025,Q4,demo,to_mfr,22
2025,Q4,demo,occp_cod,23
2025,Q4,demo,reporter_country,24
2025,Q4,demo,occr_country,25
2025,Q4,demo,source_year,26
2025,Q4,demo,source_quarter,27
2025,Q4,drug,primaryid,1
2025,Q4,drug,caseid,2
2025,Q4,drug,drug_seq,3
2025,Q4,drug,role_cod,4
2025,Q4,drug,drugname,5
2025,Q4,drug,prod_ai,6
2025,Q4,drug,val_vbm,7
2025,Q4,drug,route,8
2025,Q4,drug,dose_vbm,9
2025,Q4,drug,cum_dose_chr,10
2025,Q4,drug,cum_dose_unit,11
2025,Q4,drug,dechal,12
2025,Q4,drug,rechal,13
2025,Q4,drug,lot_num,14
2025,Q4,drug,exp_dt,15
2025,Q4,drug,nda_num,16
2025,Q4,drug,dose_amt,17
2025,Q4,drug,dose_unit,18
2025,Q4,drug,dose_form,19
2025,Q4,drug,dose_freq,20
2025,Q4,drug,source_year,21
2025,Q4,drug,source_quarter,22
2025,Q4,reac,primaryid,1
2025,Q4,reac,caseid,2
2025,Q4,reac,pt,3
2025,Q4,reac,drug_rec_act,4
2025,Q4,reac,source_year,5
2025,Q4,reac,source_quarter,6
2025,Q4,outc,primaryid,1
2025,Q4,outc,caseid,2
2025,Q4,outc,outc_cod,3
2025,Q4,outc,source_year,4
2025,Q4,outc,source_quarter,5
2025,Q4,indi,primaryid,1
2025,Q4,indi,caseid,2
2025,Q4,indi,indi_drug_seq,3
2025,Q4,indi,indi_pt,4
2025,Q4,indi,source_year,5
2025,Q4,indi,source_quarter,6
2025,Q4,ther,primaryid,1
2025,Q4,ther,caseid,2
2025,Q4,ther,dsg_drug_seq,3
2025,Q4,ther,start_dt,4
2025,Q4,ther,end_dt,5
2025,Q4,ther,dur,6
2025,Q4,ther,dur_cod,7
2025,Q4,ther,source_year,8
2025,Q4,ther,source_quarter,9
2025,Q4,rpsr,primaryid,1
2025,Q4,rpsr,caseid,2
2025,Q4,rpsr,rpsr_cod,3
2025,Q4,rpsr,source_year,4
2025,Q4,rpsr,source_quarter,5
2025,Q4,delete,caseid,1
2025,Q4,delete,source_year,2
2025,Q4,delete,source_quarter,3
