primaryid,caseid,case_version,source_year,source_quarter,i_f_code,event_dt_raw,event_date,mfr_dt_raw,manufacturer_date,init_fda_dt_raw,initial_fda_date,fda_dt_raw,fda_date,rept_dt_raw,report_date,report_year,rept_cod,mfr_num,mfr_sndr,age_raw,age_cod,age_years,age_grp,sex_raw,sex_standard,weight_raw,wt_cod,weight_kg,occp_cod,reporter_country,occr_country,e_sub,n_ici_agents,n_ici_drug_rows,ici_agents,ici_classes,ici_targets,n_drug_rows,n_unique_drug_names,n_ici_drug_records,n_concomitant_drug_names,n_reactions,reaction_terms,n_indications,indication_terms,has_outcome_record,serious_outcome,death,life_threatening,hospitalization,disability,congenital_anomaly,required_intervention,other_outcome,outcome_codes,outcome_labels
88562712,8856271,2,2025,Q1,F,20120223,2012-02-23,20250310,2025-03-10,20121023,2012-10-23,20250321,2025-03-21,20250321,2025-03-21,2025,EXP,US-AMGEN-USASP2012057826,AMGEN,63,YR,63,A,M,Male,122.45,KG,122.45,MD,US,US,Y,1,1,pembrolizumab,PD-1,PD-1,16,16,1,15,3,Lung neoplasm malignant; Lupus-like syndrome; Treatment failure,2,Product used for unknown indication; Psoriasis,TRUE,FALSE,FALSE,FALSE,FALSE,FALSE,FALSE,FALSE,TRUE,OT,Other serious or important medical event
122124333,12212433,3,2025,Q4,F,20140915,2014-09-15,20251107,2025-11-07,20160326,2016-03-26,20251112,2025-11-12,20251112,2025-11-12,2025,EXP,EU-BRISTOL-MYERS SQUIBB COMPANY-BMS-2016-020805,BRISTOL-MYERS SQUIBB COMPANY,34,YR,34,A,M,Male,77,KG,77,MD,EU,EU,Y,2,2,ipilimumab; pembrolizumab,CTLA-4; PD-1,CTLA-4; PD-1,5,5,2,3,1,Immune thrombocytopenia,3,Analgesic therapy; Malignant melanoma; Malignant melanoma stage IV,TRUE,TRUE,FALSE,FALSE,TRUE,FALSE,FALSE,FALSE,TRUE,HO; OT,Hospitalization - initial or prolonged; Other serious or important medical event
130730803,13073080,3,2025,Q4,F,,,20251029,2025-10-29,20161229,2016-12-29,20251103,2025-11-03,20251103,2025-11-03,2025,EXP,EU-BRISTOL-MYERS SQUIBB COMPANY-BMS-2016-109776,BRISTOL-MYERS SQUIBB COMPANY,85,YR,85,E,F,Female,,,,MD,EU,EU,Y,2,2,ipilimumab; pembrolizumab,CTLA-4; PD-1,CTLA-4; PD-1,14,14,2,12,1,Neuropathy peripheral,4,Hypertension; Malignant melanoma; Malignant melanoma stage IV; Product used for unknown indication,TRUE,FALSE,FALSE,FALSE,FALSE,FALSE,FALSE,FALSE,TRUE,OT,Other serious or important medical event
135756634,13575663,4,2025,Q2,F,,,20241129,2024-11-29,20170524,2017-05-24,20250411,2025-04-11,20250411,2025-04-11,2025,EXP,AU-009507513-1705AUS010322,MERCK SHARP AND DOHME,,,,,,Unknown,,,,MD,AU,AU,Y,1,1,pembrolizumab,PD-1,PD-1,1,1,1,0,1,Liver transplant rejection,1,Metastatic malignant melanoma,TRUE,TRUE,TRUE,FALSE,FALSE,FALSE,FALSE,FALSE,TRUE,DE; OT,Death; Other serious or important medical event
135945154,13594515,4,2025,Q2,F,,,20241129,2024-11-29,20170530,2017-05-30,20250411,2025-04-11,20250411,2025-04-11,2025,EXP,AU-009507513-1705AUS014423,MERCK SHARP AND DOHME,,,,,,Unknown,,,,MD,AU,AU,Y,1,1,pembrolizumab,PD-1,PD-1,1,1,1,0,2,Immune-mediated adverse reaction; Product use in unapproved indication,1,Hodgkin's disease,TRUE,FALSE,FALSE,FALSE,FALSE,FALSE,FALSE,FALSE,TRUE,OT,Other serious or important medical event
137579556,13757955,6,2025,Q2,F,,,20241129,2024-11-29,20170717,2017-07-17,20250425,2025-04-25,20250425,2025-04-25,2025,EXP,AU-009507513-1707AUS002606,MERCK SHARP + DOHME LLC,,,,,,Unknown,,,,HP,AU,AU,Y,1,1,pembrolizumab,PD-1,PD-1,1,1,1,0,2,Malignant neoplasm progression; Melanoma recurrent,1,Malignant melanoma,TRUE,FALSE,FALSE,FALSE,FALSE,FALSE,FALSE,FALSE,TRUE,OT,Other serious or important medical event
138428923,13842892,3,2025,Q1,F,,,20241129,2024-11-29,20170808,2017-08-08,20250102,2025-01-02,20250102,2025-01-02,2025,EXP,JP-009507513-1707JPN002177J,MERCK,,,,,,Unknown,,,,MD,JP,JP,Y,1,1,pembrolizumab,PD-1,PD-1,1,1,1,0,1,Immune-mediated adverse reaction,1,Non-small cell lung cancer,TRUE,FALSE,FALSE,FALSE,FALSE,FALSE,FALSE,FALSE,TRUE,OT,Other serious or important medical event
1418670212,14186702,12,2025,Q1,F,20150401,2015-04-01,20231031,2023-10-31,20171114,2017-11-14,20250314,2025-03-14,20250314,2025-03-14,2025,EXP,DE-BRISTOL-MYERS SQUIBB COMPANY-BMS-2017-099811,BRISTOL-MYERS SQUIBB COMPANY,51,YR,51,A,M,Male,,,,MD,DE,DE,Y,2,3,ipilimumab; pembrolizumab,CTLA-4; PD-1,CTLA-4; PD-1,5,3,3,1,9,Autoimmune colitis; Diarrhoea; Drug ineffective; Duodenitis; Fatigue; Gastritis; Ileus paralytic; Malaise; Malignant neoplasm progression,3,Malignant melanoma; Product used for unknown indication; Uveal melanoma,TRUE,TRUE,FALSE,FALSE,TRUE,FALSE,FALSE,FALSE,TRUE,HO; OT,Hospitalization - initial or prolonged; Other serious or important medical event
1420587411,14205874,11,2025,Q1,F,20170710,2017-07-10,20250120,2025-01-20,20171120,2017-11-20,20250127,2025-01-27,20250127,2025-01-27,2025,EXP,JP-BRISTOL-MYERS SQUIBB COMPANY-BMS-2017-104941,BRISTOL-MYERS SQUIBB COMPANY,55,YR,55,A,M,Male,60,KG,60,HP,JP,JP,Y,2,2,nivolumab; pembrolizumab,PD-1,PD-1,2,2,2,0,8,Anaemia; Gastrointestinal haemorrhage; Hyperthyroidism; Hypothyroidism; Inappropriate schedule of product administration; Pneumonia; Thyroiditis; Type 1 diabetes mellitus,1,Hodgkin's disease,TRUE,TRUE,FALSE,FALSE,TRUE,FALSE,FALSE,FALSE,TRUE,HO; OT,Hospitalization - initial or prolonged; Other serious or important medical event
1433816213,14338162,13,2025,Q1,F,20150401,2015-04-01,20250319,2025-03-19,20171229,2017-12-29,20250321,2025-03-21,20250321,2025-03-21,2025,EXP,DE-JNJFOC-20171230307,JOHNSON AND JOHNSON,51,YR,51,A,M,Male,,,,MD,DE,DE,Y,2,4,ipilimumab; pembrolizumab,CTLA-4; PD-1,CTLA-4; PD-1,7,4,4,2,9,Autoimmune colitis; Diarrhoea; Drug ineffective; Duodenitis; Fatigue; Gastritis; Ileus paralytic; Malaise; Malignant neoplasm progression,3,Malignant melanoma; Product used for unknown indication; Uveal melanoma,TRUE,TRUE,FALSE,FALSE,TRUE,FALSE,FALSE,FALSE,TRUE,HO; OT,Hospitalization - initial or prolonged; Other serious or important medical event
143515438,14351543,8,2025,Q3,F,20150401,2015-04-01,20250709,2025-07-09,20180104,2018-01-04,20250717,2025-07-17,20250717,2025-07-17,2025,EXP,EU-CELLTRION INC.-2017DE017345,CELLTRION,,,,,,Unknown,,,,MD,EU,EU,Y,2,4,ipilimumab; pembrolizumab,CTLA-4; PD-1,CTLA-4; PD-1,6,3,4,1,9,Autoimmune colitis; Diarrhoea; Drug ineffective; Duodenitis; Fatigue; Gastritis; Ileus paralytic; Malaise; Malignant neoplasm progression,3,Malignant melanoma; Product used for unknown indication; Uveal melanoma,TRUE,TRUE,FALSE,FALSE,TRUE,FALSE,FALSE,FALSE,TRUE,HO; OT,Hospitalization - initial or prolonged; Other serious or important medical event
143559542,14355954,2,2025,Q1,F,20171228,2017-12-28,20241129,2024-11-29,20180105,2018-01-05,20250102,2025-01-02,20250102,2025-01-02,2025,EXP,MY-009507513-1801MYS001113,MERCK,,,,,,Unknown,,,,MD,MY,MY,Y,1,1,pembrolizumab,PD-1,PD-1,1,1,1,0,3,Movement disorder; Neoplasm malignant; Pneumonitis,0,,TRUE,FALSE,FALSE,FALSE,FALSE,FALSE,FALSE,FALSE,TRUE,OT,Other serious or important medical event
144796173,14479617,3,2025,Q1,F,,,20241129,2024-11-29,20180202,2018-02-02,20250103,2025-01-03,20250103,2025-01-03,2025,EXP,FR-009507513-1801FRA013234,MERCK,,,,,,Unknown,,,,HP,FR,FR,Y,1,2,pembrolizumab,PD-1,PD-1,2,1,2,0,1,Tumour pseudoprogression,2,Metastases to central nervous system; Metastatic malignant melanoma,TRUE,FALSE,FALSE,FALSE,FALSE,FALSE,FALSE,FALSE,TRUE,OT,Other serious or important medical event
144977593,14497759,3,2025,Q2,F,,,20241129,2024-11-29,20180207,2018-02-07,20250428,2025-04-28,20250428,2025-04-28,2025,EXP,FR-009507513-1802FRA003319,MERCK SHARP + DOHME LLC,,,,,,Unknown,,,,HP,FR,FR,Y,1,1,pembrolizumab,PD-1,PD-1,1,1,1,0,1,Tumour pseudoprogression,1,Metastatic malignant melanoma,TRUE,FALSE,FALSE,FALSE,FALSE,FALSE,FALSE,FALSE,TRUE,OT,Other serious or important medical event
145110972,14511097,2,2025,Q1,F,,,20241129,2024-11-29,20180209,2018-02-09,20250107,2025-01-07,20250107,2025-01-07,2025,EXP,GB-009507513-1802GBR001741,MERCK,,,,,,Unknown,,,,HP,GB,GB,Y,1,1,pembrolizumab,PD-1,PD-1,1,1,1,0,1,Death,0,,TRUE,TRUE,TRUE,FALSE,FALSE,FALSE,FALSE,FALSE,TRUE,DE; OT,Death; Other serious or important medical event
145186883,14518688,3,2025,Q1,F,,,20241129,2024-11-29,20180212,2018-02-12,20250108,2025-01-08,20250108,2025-01-08,2025,EXP,US-009507513-1802USA003800,MERCK,,,,,,Unknown,,,,HP,US,US,Y,2,2,ipilimumab; pembrolizumab,CTLA-4; PD-1,CTLA-4; PD-1,2,2,2,0,1,Immune-mediated adverse reaction,1,Metastatic malignant melanoma,TRUE,FALSE,FALSE,FALSE,FALSE,FALSE,FALSE,FALSE,TRUE,OT,Other serious or important medical event
145332582,14533258,2,2025,Q1,F,,,20241129,2024-11-29,20180215,2018-02-15,20250107,2025-01-07,20250107,2025-01-07,2025,EXP,EC-009507513-1802ECU005123,MERCK,,,,,,Unknown,,,,MD,EC,EC,Y,1,1,pembrolizumab,PD-1,PD-1,1,1,1,0,1,Death,1,Metastatic malignant melanoma,TRUE,TRUE,TRUE,FALSE,FALSE,FALSE,FALSE,FALSE,TRUE,DE; OT,Death; Other serious or important medical event
145653002,14565300,2,2025,Q1,F,20161101,2016-11-01,20250123,2025-01-23,20180223,2018-02-23,20250126,2025-01-26,20250126,2025-01-26,2025,PER,US-009507513-1802USA011211,MERCK,70,YR,70,,M,Male,,,,MD,US,US,Y,1,1,pembrolizumab,PD-1,PD-1,2,2,1,1,1,Off label use,1,Hepatocellular carcinoma,FALSE,FALSE,FALSE,FALSE,FALSE,FALSE,FALSE,FALSE,FALSE,,
145896422,14589642,2,2025,Q1,F,,,20241129,2024-11-29,20180302,2018-03-02,20250109,2025-01-09,20250109,2025-01-09,2025,EXP,GB-009507513-1803GBR000756,MERCK,,,,,,Unknown,,,,HP,GB,GB,Y,1,1,pembrolizumab,PD-1,PD-1,1,1,1,0,1,Diabetes mellitus,1,Non-small cell lung cancer,TRUE,FALSE,FALSE,FALSE,FALSE,FALSE,FALSE,FALSE,TRUE,OT,Other serious or important medical event
146429668,14642966,8,2025,Q3,F,20160301,2016-03-01,20250812,2025-08-12,20180315,2018-03-15,20250821,2025-08-21,20250821,2025-08-21,2025,EXP,EU-009507513-1803FRA006538,MERCK SHARP + DOHME LLC,36,YR,36,,F,Female,,,,HP,EU,EU,Y,1,1,pembrolizumab,PD-1,PD-1,1,1,1,0,2,Product use in unapproved indication; Sjogren's syndrome,1,Acinic cell carcinoma of salivary gland,TRUE,FALSE,FALSE,FALSE,FALSE,FALSE,FALSE,FALSE,TRUE,OT,Other serious or important medical event
146662923,14666292,3,2025,Q1,F,,,20241129,2024-11-29,20180321,2018-03-21,20250108,2025-01-08,20250108,2025-01-08,2025,EXP,AU-009507513-1803AUS008818,MERCK,,,,,,Unknown,,,,HP,AU,AU,Y,1,1,pembrolizumab,PD-1,PD-1,1,1,1,0,3,Immune-mediated adverse reaction; Polymyalgia rheumatica; Therapy partial responder,0,,TRUE,FALSE,FALSE,FALSE,FALSE,FALSE,FALSE,FALSE,TRUE,OT,Other serious or important medical event
146663003,14666300,3,2025,Q1,F,,,20241129,2024-11-29,20180321,2018-03-21,20250108,2025-01-08,20250108,2025-01-08,2025,EXP,AU-009507513-1803AUS008814,MERCK,,,,,,Unknown,,,,HP,AU,AU,Y,1,1,pembrolizumab,PD-1,PD-1,1,1,1,0,3,Immune-mediated adverse reaction; Polymyalgia rheumatica; Tubulointerstitial nephritis,1,Malignant melanoma,TRUE,FALSE,FALSE,FALSE,FALSE,FALSE,FALSE,FALSE,TRUE,OT,Other serious or important medical event
146663013,14666301,3,2025,Q1,F,,,20241129,2024-11-29,20180321,2018-03-21,20250108,2025-01-08,20250108,2025-01-08,2025,EXP,AU-009507513-1803AUS008815,MERCK,,,,,,Unknown,,,,HP,AU,AU,Y,1,1,pembrolizumab,PD-1,PD-1,1,1,1,0,4,Arthritis; Immune-mediated adverse reaction; Malignant neoplasm progression; Polymyalgia rheumatica,1,Neoplasm malignant,TRUE,FALSE,FALSE,FALSE,FALSE,FALSE,FALSE,FALSE,TRUE,OT,Other serious or important medical event
146663033,14666303,3,2025,Q1,F,,,20241129,2024-11-29,20180321,2018-03-21,20250108,2025-01-08,20250108,2025-01-08,2025,EXP,AU-009507513-1803AUS008805,MERCK,,,,,,Unknown,,,,HP,AU,AU,Y,1,1,pembrolizumab,PD-1,PD-1,1,1,1,0,4,Immune-mediated adverse reaction; Polymyalgia rheumatica; Therapy partial responder; Thyroiditis,1,Malignant melanoma,TRUE,FALSE,FALSE,FALSE,FALSE,FALSE,FALSE,FALSE,TRUE,OT,Other serious or important medical event
146665003,14666500,3,2025,Q1,F,,,20241129,2024-11-29,20180321,2018-03-21,20250108,2025-01-08,20250108,2025-01-08,2025,EXP,AU-009507513-1803AUS008821,MERCK,,,,,,Unknown,,,,HP,AU,AU,Y,1,1,pembrolizumab,PD-1,PD-1,1,1,1,0,6,Immune-mediated adverse reaction; Malignant neoplasm progression; Pneumonitis; Polyarthritis; Polymyalgia rheumatica; Therapy partial responder,1,Malignant melanoma,TRUE,FALSE,FALSE,FALSE,FALSE,FALSE,FALSE,FALSE,TRUE,OT,Other serious or important medical event
146665043,14666504,3,2025,Q1,F,,,20241129,2024-11-29,20180321,2018-03-21,20250108,2025-01-08,20250108,2025-01-08,2025,EXP,AU-009507513-1803AUS008822,MERCK,,,,,,Unknown,,,,HP,AU,AU,Y,1,1,pembrolizumab,PD-1,PD-1,1,1,1,0,4,Colitis; Immune-mediated adverse reaction; Malignant neoplasm progression; Polymyalgia rheumatica,1,Malignant melanoma,TRUE,FALSE,FALSE,FALSE,FALSE,FALSE,FALSE,FALSE,TRUE,OT,Other serious or important medical event
146665153,14666515,3,2025,Q1,F,,,20241129,2024-11-29,20180321,2018-03-21,20250108,2025-01-08,20250108,2025-01-08,2025,EXP,AU-009507513-1803AUS008823,MERCK,,,,,,Unknown,,,,HP,AU,AU,Y,1,1,pembrolizumab,PD-1,PD-1,1,1,1,0,3,Immune-mediated adverse reaction; Malignant neoplasm progression; Polymyalgia rheumatica,1,Malignant melanoma,TRUE,FALSE,FALSE,FALSE,FALSE,FALSE,FALSE,FALSE,TRUE,OT,Other serious or important medical event
146665293,14666529,3,2025,Q1,F,,,20241129,2024-11-29,20180321,2018-03-21,20250108,2025-01-08,20250108,2025-01-08,2025,EXP,AU-009507513-1803AUS008825,MERCK,,,,,,Unknown,,,,HP,AU,AU,Y,1,1,pembrolizumab,PD-1,PD-1,1,1,1,0,4,Immune-mediated adverse reaction; Malignant neoplasm progression; Performance status decreased; Polymyalgia rheumatica,1,Malignant melanoma,TRUE,FALSE,FALSE,FALSE,FALSE,FALSE,FALSE,FALSE,TRUE,OT,Other serious or important medical event
146665403,14666540,3,2025,Q1,F,,,20241129,2024-11-29,20180321,2018-03-21,20250109,2025-01-09,20250109,2025-01-09,2025,EXP,AU-009507513-1803AUS008826,MERCK,,,,,,Unknown,,,,HP,AU,AU,Y,1,1,pembrolizumab,PD-1,PD-1,1,1,1,0,4,Immune-mediated adverse reaction; Juvenile idiopathic arthritis; Malignant neoplasm progression; Systemic scleroderma,1,Malignant melanoma,TRUE,FALSE,FALSE,FALSE,FALSE,FALSE,FALSE,FALSE,TRUE,OT,Other serious or important medical event
146704104,14670410,4,2025,Q1,F,,,20241129,2024-11-29,20180322,2018-03-22,20250109,2025-01-09,20250109,2025-01-09,2025,EXP,AU-009507513-1803AUS008828,MERCK,,,,,,Unknown,,,,HP,AU,AU,Y,1,1,pembrolizumab,PD-1,PD-1,3,3,1,2,5,Cytomegalovirus infection; Immune-mediated arthritis; Immune-mediated enterocolitis; Immune-mediated lung disease; Mass,1,Squamous cell carcinoma of head and neck,TRUE,FALSE,FALSE,FALSE,FALSE,FALSE,FALSE,FALSE,TRUE,OT,Other serious or important medical event
146705193,14670519,3,2025,Q1,F,,,20241129,2024-11-29,20180322,2018-03-22,20250109,2025-01-09,20250109,2025-01-09,2025,EXP,AU-009507513-1803AUS008829,MERCK,,,,,,Unknown,,,,HP,AU,AU,Y,1,1,pembrolizumab,PD-1,PD-1,1,1,1,0,4,Hyperthyroidism; Immune-mediated adverse reaction; Malignant neoplasm progression; Polymyalgia rheumatica,1,Transitional cell carcinoma,TRUE,FALSE,FALSE,FALSE,FALSE,FALSE,FALSE,FALSE,TRUE,OT,Other serious or important medical event
146783282,14678328,2,2025,Q1,F,,,20241129,2024-11-29,20180326,2018-03-26,20250109,2025-01-09,20250109,2025-01-09,2025,PER,US-009507513-1803USA009465,MERCK,,,,,,Unknown,,,,MD,US,US,Y,1,1,pembrolizumab,PD-1,PD-1,1,1,1,0,1,Autoimmune myocarditis,1,Neoplasm malignant,TRUE,FALSE,FALSE,FALSE,FALSE,FALSE,FALSE,FALSE,TRUE,OT,Other serious or important medical event
146783372,14678337,2,2025,Q1,F,,,20241129,2024-11-29,20180326,2018-03-26,20250109,2025-01-09,20250109,2025-01-09,2025,EXP,US-009507513-1803USA010544,MERCK,,,,,,Unknown,,,,MD,US,US,Y,1,1,pembrolizumab,PD-1,PD-1,1,1,1,0,2,Autoimmune myocarditis; Cardiac disorder,1,Neoplasm malignant,TRUE,FALSE,FALSE,FALSE,FALSE,FALSE,FALSE,FALSE,TRUE,OT,Other serious or important medical event
146937036,14693703,6,2025,Q1,F,20171101,2017-11-01,20250107,2025-01-07,20180329,2018-03-29,20250110,2025-01-10,20250110,2025-01-10,2025,EXP,JP-009507513-1803JPN002714J,MERCK,72,YR,72,,F,Female,58,KG,58,MD,JP,JP,Y,1,2,pembrolizumab,PD-1,PD-1,12,11,2,10,6,Central nervous system lupus; Encephalitis autoimmune; Malignant neoplasm progression; Meningitis tuberculous; Neuropsychological symptoms; Systemic lupus erythematosus,2,Lung adenocarcinoma stage IV; PD-L1 positive cancer,TRUE,TRUE,FALSE,FALSE,TRUE,FALSE,FALSE,FALSE,TRUE,HO; OT,Hospitalization - initial or prolonged; Other serious or important medical event
147136992,14713699,2,2025,Q1,F,,,20241129,2024-11-29,20180404,2018-04-04,20250109,2025-01-09,20250109,2025-01-09,2025,PER,US-009507513-1803USA012496,MERCK,,,,,,Unknown,,,,MD,US,US,Y,1,1,pembrolizumab,PD-1,PD-1,1,1,1,0,3,Colitis; Keratitis; Polyarthritis,1,Malignant melanoma,TRUE,FALSE,FALSE,FALSE,FALSE,FALSE,FALSE,FALSE,TRUE,OT,Other serious or important medical event
147137023,14713702,3,2025,Q1,F,,,20241129,2024-11-29,20180404,2018-04-04,20250110,2025-01-10,20250110,2025-01-10,2025,EXP,US-009507513-1804USA000837,MERCK,,,,,,Unknown,,,,MD,US,US,Y,1,1,pembrolizumab,PD-1,PD-1,1,1,1,0,2,Interstitial lung disease; Sjogren's syndrome,1,Ocular melanoma,TRUE,FALSE,FALSE,FALSE,FALSE,FALSE,FALSE,FALSE,TRUE,OT,Other serious or important medical event
147326162,14732616,2,2025,Q1,F,,,20241129,2024-11-29,20180409,2018-04-09,20250110,2025-01-10,20250110,2025-01-10,2025,EXP,IT-009507513-1804ITA002102,MERCK,,,,,,Unknown,,,,HP,IT,IT,Y,1,1,pembrolizumab,PD-1,PD-1,1,1,1,0,2,Malignant neoplasm progression; Therapy non-responder,1,Malignant melanoma,TRUE,TRUE,TRUE,FALSE,FALSE,FALSE,FALSE,FALSE,TRUE,DE; OT,Death; Other serious or important medical event
147406982,14740698,2,2025,Q1,F,,,20241129,2024-11-29,20180410,2018-04-10,20250110,2025-01-10,20250110,2025-01-10,2025,EXP,US-009507513-1804USA004200,MERCK,,,,,,Unknown,,,,HP,US,US,Y,2,2,ipilimumab; pembrolizumab,CTLA-4; PD-1,CTLA-4; PD-1,2,2,2,0,1,Ankylosing spondylitis,1,Metastatic malignant melanoma,TRUE,FALSE,FALSE,FALSE,FALSE,FALSE,FALSE,FALSE,TRUE,OT,Other serious or important medical event
150776022,15077602,2,2025,Q1,F,,,20241129,2024-11-29,20180627,2018-06-27,20250102,2025-01-02,20250102,2025-01-02,2025,EXP,MY-009507513-1806MYS010479,MERCK,,,,,,Unknown,,,,MD,MY,MY,Y,1,1,pembrolizumab,PD-1,PD-1,1,1,1,0,2,Neoplasm malignant; Pneumocystis jirovecii pneumonia,1,Hodgkin's disease,TRUE,FALSE,FALSE,FALSE,FALSE,FALSE,FALSE,FALSE,TRUE,OT,Other serious or important medical event
1526046912,15260469,12,2025,Q4,F,20170619,2017-06-19,20251209,2025-12-09,20180809,2018-08-09,20251221,2025-12-21,20251219,2025-12-19,2025,EXP,JP-BRISTOL-MYERS SQUIBB COMPANY-BMS-2018-016028,BRISTOL-MYERS SQUIBB COMPANY,73,YR,73,E,M,Male,71,KG,71,MD,JP,JP,Y,3,3,ipilimumab; nivolumab; pembrolizumab,CTLA-4; PD-1,CTLA-4; PD-1,10,9,4,6,8,Abdominal pain; Adrenal insufficiency; Back pain; Blood thyroid stimulating hormone decreased; Erythema; Hepatic necrosis; Hypophysitis; Pancreatic enzymes increased,5,Adrenal insufficiency; Hypertension; Malignant melanoma; Product used for unknown indication; Steroid diabetes,TRUE,TRUE,FALSE,FALSE,TRUE,FALSE,FALSE,FALSE,TRUE,HO; OT,Hospitalization - initial or prolonged; Other serious or important medical event
153063053,15306305,3,2025,Q4,F,,,20250926,2025-09-26,20180822,2018-08-22,20251008,2025-10-08,20251008,2025-10-08,2025,EXP,US-AUROBINDO-AUR-APL-2018-041871,AUROBINDO,49,YR,49,,F,Female,,,,MD,US,US,Y,1,2,pembrolizumab,PD-1,PD-1,6,3,2,2,1,Hypothyroidism,1,Non-small cell lung cancer,TRUE,FALSE,FALSE,FALSE,FALSE,FALSE,FALSE,FALSE,TRUE,OT,Other serious or important medical event
153682622,15368262,2,2025,Q1,F,,,20241129,2024-11-29,20180910,2018-09-10,20250102,2025-01-02,20250102,2025-01-02,2025,EXP,FR-009507513-1809FRA002622,MERCK,,,,,,Unknown,,,,MD,FR,FR,Y,1,1,pembrolizumab,PD-1,PD-1,1,1,1,0,1,Cardiotoxicity,1,Neoplasm malignant,TRUE,FALSE,FALSE,FALSE,FALSE,FALSE,FALSE,FALSE,TRUE,OT,Other serious or important medical event
153874813,15387481,3,2025,Q3,F,,,20250806,2025-08-06,20180914,2018-09-14,20250825,2025-08-25,20250825,2025-08-25,2025,EXP,IL-009507513-1809ISR006204,MERCK SHARP + DOHME LLC,19,YR,19,,F,Female,,,,HP,IL,IL,Y,1,1,pembrolizumab,PD-1,PD-1,3,3,1,2,2,Drug ineffective; Mucormycosis,2,Hodgkin's disease; Mucormycosis,TRUE,FALSE,FALSE,FALSE,FALSE,FALSE,FALSE,FALSE,TRUE,OT,Other serious or important medical event
1545721111,15457211,11,2025,Q1,F,20180101,2018-01-01,20250120,2025-01-20,20181002,2018-10-02,20250124,2025-01-24,20250124,2025-01-24,2025,EXP,JP-009507513-1807JPN001524J,MERCK,,,,,F,Female,59,KG,59,PH,JP,JP,Y,1,1,pembrolizumab,PD-1,PD-1,9,9,1,8,5,Female genital tract fistula; Hypothalamo-pituitary disorder; Malignant neoplasm progression; Osteomyelitis; Sepsis,4,Bowel movement irregularity; Osteoporosis; Pain; Transitional cell carcinoma,TRUE,TRUE,TRUE,TRUE,TRUE,TRUE,FALSE,FALSE,TRUE,DE; DS; HO; LT; OT,Death; Disability; Hospitalization - initial or prolonged; Life-threatening; Other serious or important medical event
156662012,15666201,2,2025,Q1,F,,,20241129,2024-11-29,20181128,2018-11-28,20250108,2025-01-08,20250108,2025-01-08,2025,EXP,AU-009507513-1803AUS008806,MERCK,,,,,,Unknown,,,,HP,AU,AU,Y,2,2,ipilimumab; pembrolizumab,CTLA-4; PD-1,CTLA-4; PD-1,2,2,2,0,3,Arthritis; Hypophysitis; Immune-mediated adverse reaction,1,Malignant melanoma,TRUE,FALSE,FALSE,FALSE,FALSE,FALSE,FALSE,FALSE,TRUE,OT,Other serious or important medical event
156695932,15669593,2,2025,Q1,F,,,20241129,2024-11-29,20181129,2018-11-29,20250108,2025-01-08,20250108,2025-01-08,2025,EXP,AU-009507513-1803AUS008807,MERCK,,,,,,Unknown,,,,HP,AU,AU,Y,1,1,pembrolizumab,PD-1,PD-1,1,1,1,0,2,Immune-mediated adverse reaction; Psoriatic arthropathy,1,Malignant melanoma,TRUE,FALSE,FALSE,FALSE,FALSE,FALSE,FALSE,FALSE,TRUE,OT,Other serious or important medical event
156702922,15670292,2,2025,Q1,F,,,20241129,2024-11-29,20181129,2018-11-29,20250108,2025-01-08,20250108,2025-01-08,2025,EXP,AU-009507513-1803AUS008808,MERCK,,,,,,Unknown,,,,HP,AU,AU,Y,2,2,ipilimumab; pembrolizumab,CTLA-4; PD-1,CTLA-4; PD-1,2,2,2,0,2,Immune-mediated adverse reaction; Polyarthritis,1,Malignant melanoma,TRUE,FALSE,FALSE,FALSE,FALSE,FALSE,FALSE,FALSE,TRUE,OT,Other serious or important medical event
156705502,15670550,2,2025,Q1,F,,,20241129,2024-11-29,20181129,2018-11-29,20250108,2025-01-08,20250108,2025-01-08,2025,EXP,AU-009507513-1803AUS008809,MERCK,,,,,,Unknown,,,,HP,AU,AU,Y,1,1,pembrolizumab,PD-1,PD-1,1,1,1,0,2,Arthritis; Immune-mediated adverse reaction,1,Malignant melanoma,TRUE,FALSE,FALSE,FALSE,FALSE,FALSE,FALSE,FALSE,TRUE,OT,Other serious or important medical event
156722972,15672297,2,2025,Q1,F,,,20241129,2024-11-29,20181129,2018-11-29,20250108,2025-01-08,20250108,2025-01-08,2025,EXP,AU-009507513-1803AUS008810,MERCK,,,,,,Unknown,,,,HP,AU,AU,Y,1,1,pembrolizumab,PD-1,PD-1,1,1,1,0,3,Arthritis; Dermatitis bullous; Immune-mediated adverse reaction,1,Malignant melanoma,TRUE,FALSE,FALSE,FALSE,FALSE,FALSE,FALSE,FALSE,TRUE,OT,Other serious or important medical event
156730372,15673037,2,2025,Q1,F,,,20241129,2024-11-29,20181129,2018-11-29,20250108,2025-01-08,20250108,2025-01-08,2025,EXP,AU-009507513-1803AUS008811,MERCK,,,,,,Unknown,,,,HP,AU,AU,Y,1,1,pembrolizumab,PD-1,PD-1,1,1,1,0,5,Immune-mediated adverse reaction; Malignant neoplasm progression; Polyarthritis; Therapy partial responder; Vitiligo,1,Malignant melanoma,TRUE,FALSE,FALSE,FALSE,FALSE,FALSE,FALSE,FALSE,TRUE,OT,Other serious or important medical event
156732392,15673239,2,2025,Q1,F,,,20241129,2024-11-29,20181129,2018-11-29,20250108,2025-01-08,20250108,2025-01-08,2025,EXP,AU-009507513-1803AUS008812,MERCK,,,,,,Unknown,,,,HP,AU,AU,Y,1,1,pembrolizumab,PD-1,PD-1,1,1,1,0,3,Arthritis; Immune-mediated adverse reaction; Thyroiditis,1,Malignant melanoma,TRUE,FALSE,FALSE,FALSE,FALSE,FALSE,FALSE,FALSE,TRUE,OT,Other serious or important medical event
156735992,15673599,2,2025,Q1,F,,,20241129,2024-11-29,20181129,2018-11-29,20250108,2025-01-08,20250108,2025-01-08,2025,EXP,AU-009507513-1803AUS008813,MERCK,,,,,,Unknown,,,,HP,AU,AU,Y,1,1,pembrolizumab,PD-1,PD-1,1,1,1,0,5,Immune-mediated adverse reaction; Malignant neoplasm progression; Polyarthritis; Rash; Uveitis,1,Malignant melanoma,TRUE,FALSE,FALSE,FALSE,FALSE,FALSE,FALSE,FALSE,TRUE,OT,Other serious or important medical event
156761612,15676161,2,2025,Q1,F,,,20241129,2024-11-29,20181130,2018-11-30,20250108,2025-01-08,20250108,2025-01-08,2025,EXP,AU-009507513-1803AUS008817,MERCK,,,,,,Unknown,,,,HP,AU,AU,Y,1,1,pembrolizumab,PD-1,PD-1,1,1,1,0,3,Arthritis; Immune-mediated adverse reaction; Rash,1,Malignant melanoma,TRUE,FALSE,FALSE,FALSE,FALSE,FALSE,FALSE,FALSE,TRUE,OT,Other serious or important medical event
156774772,15677477,2,2025,Q1,F,,,20241129,2024-11-29,20181130,2018-11-30,20250108,2025-01-08,20250108,2025-01-08,2025,EXP,AU-009507513-1803AUS008819,MERCK,,,,,,Unknown,,,,HP,AU,AU,Y,1,1,pembrolizumab,PD-1,PD-1,1,1,1,0,5,Arthritis; Immune-mediated adverse reaction; Malignant neoplasm progression; Pruritus; Rash,1,Malignant melanoma,TRUE,FALSE,FALSE,FALSE,FALSE,FALSE,FALSE,FALSE,TRUE,OT,Other serious or important medical event
156776362,15677636,2,2025,Q1,F,,,20241129,2024-11-29,20181130,2018-11-30,20250108,2025-01-08,20250108,2025-01-08,2025,EXP,AU-009507513-1803AUS008820,MERCK,,,,,,Unknown,,,,HP,AU,AU,Y,1,1,pembrolizumab,PD-1,PD-1,1,1,1,0,3,Immune-mediated adverse reaction; Psoriatic arthropathy; Therapy partial responder,1,Malignant melanoma,TRUE,FALSE,FALSE,FALSE,FALSE,FALSE,FALSE,FALSE,TRUE,OT,Other serious or important medical event
156778592,15677859,2,2025,Q1,F,,,20241129,2024-11-29,20181130,2018-11-30,20250108,2025-01-08,20250108,2025-01-08,2025,EXP,AU-009507513-1803AUS008824,MERCK,,,,,,Unknown,,,,HP,AU,AU,Y,1,1,pembrolizumab,PD-1,PD-1,1,1,1,0,3,Immune-mediated adverse reaction; Myocarditis; Myositis,1,Malignant melanoma,TRUE,FALSE,FALSE,FALSE,FALSE,FALSE,FALSE,FALSE,TRUE,OT,Other serious or important medical event
156820882,15682088,2,2025,Q1,F,,,20241129,2024-11-29,20181203,2018-12-03,20250109,2025-01-09,20250109,2025-01-09,2025,EXP,AU-009507513-1803AUS008827,MERCK,,,,,,Unknown,,,,HP,AU,AU,Y,1,1,pembrolizumab,PD-1,PD-1,1,1,1,0,5,Immune-mediated adverse reaction; Malignant neoplasm progression; Polyarthritis; Therapy partial responder; Type 1 diabetes mellitus,1,Squamous cell carcinoma of head and neck,TRUE,FALSE,FALSE,FALSE,FALSE,FALSE,FALSE,FALSE,TRUE,OT,Other serious or important medical event
156888563,15688856,3,2025,Q4,F,20180404,2018-04-04,20250920,2025-09-20,20181205,2018-12-05,20251004,2025-10-04,20251004,2025-10-04,2025,EXP,EU-AUROBINDO-AUR-APL-2018-058758,AUROBINDO,34,YR,34,,M,Male,,,,HP,EU,EU,Y,1,1,pembrolizumab,PD-1,PD-1,4,4,1,3,9,Atelectasis; Bronchopulmonary aspergillosis; Chest pain; Empyema; Fatigue; Hepatotoxicity; Productive cough; Pyrexia; Therapeutic response decreased,2,Bronchopulmonary aspergillosis; Product used for unknown indication,TRUE,TRUE,FALSE,FALSE,TRUE,FALSE,FALSE,FALSE,TRUE,HO; OT,Hospitalization - initial or prolonged; Other serious or important medical event
157754652,15775465,2,2025,Q1,F,,,20241129,2024-11-29,20181231,2018-12-31,20250123,2025-01-23,20250123,2025-01-23,2025,EXP,RS-009507513-1812SRB012012,MERCK,,,,A,,Unknown,,,,MD,RS,RS,Y,1,1,pembrolizumab,PD-1,PD-1,1,1,1,0,5,Anaemia; Hypothyroidism; Malignant neoplasm progression; Neutropenia; Rash,1,Malignant melanoma,TRUE,FALSE,FALSE,FALSE,FALSE,FALSE,FALSE,FALSE,TRUE,OT,Other serious or important medical event
157801312,15780131,2,2025,Q4,F,,,20250814,2025-08-14,20190102,2019-01-02,20251208,2025-12-08,20251208,2025-12-08,2025,EXP,GB-ALKEM LABORATORIES LIMITED-GB-ALKEM-2017-01191,ALKEM,49,YR,49,,F,Female,,,,MD,GB,GB,Y,1,1,pembrolizumab,PD-1,PD-1,6,5,1,4,2,Drug ineffective; Neutropenia,4,Autoimmune hepatitis; Immunosuppression; Metastases to central nervous system; Vanishing bile duct syndrome,TRUE,FALSE,FALSE,FALSE,FALSE,FALSE,FALSE,FALSE,TRUE,OT,Other serious or important medical event
160608352,16060835,2,2025,Q4,F,,,20221025,2022-10-25,20190312,2019-03-12,20251113,2025-11-13,20251113,2025-11-13,2025,EXP,US-AUROBINDO-AUR-APL-2019-012456,MERCK SHARP + DOHME LLC,,,,,,Unknown,,,,HP,US,US,Y,3,3,ipilimumab; nivolumab; pembrolizumab,CTLA-4; PD-1,CTLA-4; PD-1,6,6,3,3,11,Adverse drug reaction; Drug reaction with eosinophilia and systemic symptoms; Dysphagia; Hypotension; Linear IgA disease; Lip swelling; Mental status changes; Pemphigoid; Pyrexia; Rash morbilliform; Sepsis,1,Metastatic malignant melanoma,TRUE,TRUE,FALSE,FALSE,TRUE,FALSE,FALSE,FALSE,TRUE,HO; OT,Hospitalization - initial or prolonged; Other serious or important medical event
161115052,16111505,2,2025,Q1,F,,,20241129,2024-11-29,20190325,2019-03-25,20250121,2025-01-21,20250121,2025-01-21,2025,EXP,HR-009507513-1903HRV010405,MERCK,,,,,,Unknown,,,,MD,HR,HR,Y,1,1,pembrolizumab,PD-1,PD-1,1,1,1,0,1,Death,1,Non-small cell lung cancer,TRUE,TRUE,TRUE,FALSE,FALSE,FALSE,FALSE,FALSE,TRUE,DE; OT,Death; Other serious or important medical event
161230822,16123082,2,2025,Q1,F,,,20241129,2024-11-29,20190327,2019-03-27,20250121,2025-01-21,20250121,2025-01-21,2025,EXP,HR-009507513-1903HRV010635,MERCK,,,,,,Unknown,,,,MD,HR,HR,Y,1,1,pembrolizumab,PD-1,PD-1,1,1,1,0,1,Death,1,Non-small cell lung cancer,TRUE,TRUE,TRUE,FALSE,FALSE,FALSE,FALSE,FALSE,TRUE,DE; OT,Death; Other serious or important medical event
161347522,16134752,2,2025,Q1,F,,,20241129,2024-11-29,20190329,2019-03-29,20250121,2025-01-21,20250121,2025-01-21,2025,EXP,HR-009507513-1903HRV011354,MERCK,,,,,,Unknown,,,,MD,HR,HR,Y,1,1,pembrolizumab,PD-1,PD-1,1,1,1,0,1,Death,1,Non-small cell lung cancer,TRUE,TRUE,TRUE,FALSE,FALSE,FALSE,FALSE,FALSE,TRUE,DE; OT,Death; Other serious or important medical event
161370582,16137058,2,2025,Q1,F,,,20241129,2024-11-29,20190401,2019-04-01,20250121,2025-01-21,20250121,2025-01-21,2025,EXP,HR-009507513-1903HRV011626,MERCK,,,,E,,Unknown,,,,MD,HR,HR,Y,1,1,pembrolizumab,PD-1,PD-1,1,1,1,0,1,Death,1,Non-small cell lung cancer,TRUE,TRUE,TRUE,FALSE,FALSE,FALSE,FALSE,FALSE,TRUE,DE; OT,Death; Other serious or important medical event
162402612,16240261,2,2025,Q1,F,,,20241129,2024-11-29,20190425,2019-04-25,20250102,2025-01-02,20250102,2025-01-02,2025,EXP,FR-009507513-1904FRA011064,MERCK,,,,,,Unknown,,,,MD,FR,FR,Y,1,1,pembrolizumab,PD-1,PD-1,1,1,1,0,2,Crohn's disease; Product use in unapproved indication,1,Colon cancer metastatic,TRUE,FALSE,FALSE,FALSE,FALSE,FALSE,FALSE,FALSE,TRUE,OT,Other serious or important medical event
162805842,16280584,2,2025,Q1,F,,,20241129,2024-11-29,20190507,2019-05-07,20250124,2025-01-24,20250124,2025-01-24,2025,EXP,DE-009507513-1905DEU001418,MERCK,,,,,,Unknown,,,,MD,DE,DE,Y,1,1,pembrolizumab,PD-1,PD-1,3,3,1,2,3,Death; Malignant neoplasm progression; Pancytopenia,1,Neoplasm malignant,TRUE,TRUE,TRUE,FALSE,FALSE,FALSE,FALSE,FALSE,TRUE,DE; OT,Death; Other serious or important medical event
162813642,16281364,2,2025,Q1,F,,,20241129,2024-11-29,20190507,2019-05-07,20250121,2025-01-21,20250121,2025-01-21,2025,EXP,DE-009507513-1905DEU001592,MERCK,,,,,,Unknown,,,,MD,DE,DE,Y,1,1,pembrolizumab,PD-1,PD-1,3,3,1,2,1,Pancytopenia,1,Neoplasm malignant,TRUE,FALSE,FALSE,FALSE,FALSE,FALSE,FALSE,FALSE,TRUE,OT,Other serious or important medical event
162897572,16289757,2,2025,Q1,F,,,20241129,2024-11-29,20190509,2019-05-09,20250121,2025-01-21,20250121,2025-01-21,2025,EXP,DE-009507513-1905DEU001581,MERCK,,,,,,Unknown,,,,MD,DE,DE,Y,1,1,pembrolizumab,PD-1,PD-1,3,3,1,2,1,Brain abscess,1,Neoplasm malignant,TRUE,FALSE,FALSE,FALSE,FALSE,FALSE,FALSE,FALSE,TRUE,OT,Other serious or important medical event
1635064934,16350649,34,2025,Q3,F,20171201,2017-12-01,20250901,2025-09-01,20190524,2019-05-24,20250910,2025-09-10,20250910,2025-09-10,2025,EXP,JP-BRISTOL-MYERS SQUIBB COMPANY-BMS-2019-025893,BRISTOL-MYERS SQUIBB COMPANY,54,YR,54,A,M,Male,70.3,KG,70.3,MD,JP,JP,Y,3,3,ipilimumab; nivolumab; pembrolizumab,CTLA-4; PD-1,CTLA-4; PD-1,20,14,5,11,6,Cholangitis sclerosing; Cholecystitis; Diarrhoea; Erythema multiforme; Immune-mediated lung disease; Pneumothorax,2,Malignant melanoma; Product used for unknown indication,TRUE,TRUE,TRUE,FALSE,TRUE,FALSE,FALSE,FALSE,TRUE,DE; HO; OT,Death; Hospitalization - initial or prolonged; Other serious or important medical event
165968042,16596804,2,2025,Q4,F,,,20190714,2019-07-14,20190719,2019-07-19,20251112,2025-11-12,20251112,2025-11-12,2025,EXP,IL-009507513-1907ISR010032,MERCK SHARP + DOHME LLC,,,,,,Unknown,,,,HP,IL,IL,Y,1,1,pembrolizumab,PD-1,PD-1,1,1,1,0,1,Tuberculosis,0,,TRUE,FALSE,FALSE,FALSE,FALSE,FALSE,FALSE,FALSE,TRUE,OT,Other serious or important medical event
166650973,16665097,3,2025,Q3,F,20160501,2016-05-01,20250805,2025-08-05,20190803,2019-08-03,20250818,2025-08-18,20250818,2025-08-18,2025,EXP,EU-AUROBINDO-AUR-APL-2019-045000,AUROBINDO,16,YR,16,,F,Female,,,,HP,EU,EU,Y,1,1,pembrolizumab,PD-1,PD-1,5,5,1,4,3,Headache; Seizure; Vision blurred,3,Dyspnoea; Epilepsy; Metastases to central nervous system,TRUE,TRUE,TRUE,FALSE,TRUE,FALSE,FALSE,FALSE,TRUE,DE; HO; OT,Death; Hospitalization - initial or prolonged; Other serious or important medical event
167676402,16767640,2,2025,Q3,F,20190802,2019-08-02,20250718,2025-07-18,20190903,2019-09-03,20250718,2025-07-18,20250718,2025-07-18,2025,EXP,PHHY2019FR202688,NOVARTIS,24,YR,24,,F,Female,83,KG,83,PH,EU,EU,Y,1,1,pembrolizumab,PD-1,PD-1,5,3,1,2,2,Dermatitis exfoliative generalised; Haemophagocytic lymphohistiocytosis,4,Alveolar soft part sarcoma; Neoplasm malignant; Pyrexia; Sarcoma,TRUE,TRUE,FALSE,TRUE,TRUE,FALSE,FALSE,FALSE,FALSE,HO; LT,Hospitalization - initial or prolonged; Life-threatening
168499722,16849972,2,2025,Q4,F,,,20190920,2019-09-20,20190925,2019-09-25,20251112,2025-11-12,20251112,2025-11-12,2025,EXP,CO-009507513-1909COL009700,MERCK SHARP + DOHME LLC,,,,,,Unknown,,,,HP,CO,CO,Y,1,1,pembrolizumab,PD-1,PD-1,1,1,1,0,1,Death,0,,TRUE,TRUE,TRUE,FALSE,FALSE,FALSE,FALSE,FALSE,FALSE,DE,Death
168500692,16850069,2,2025,Q4,F,,,20190920,2019-09-20,20190925,2019-09-25,20251112,2025-11-12,20251112,2025-11-12,2025,EXP,CO-009507513-1909COL009810,MERCK SHARP + DOHME LLC,,,,,,Unknown,,,,HP,CO,CO,Y,1,1,pembrolizumab,PD-1,PD-1,1,1,1,0,1,Death,0,,TRUE,TRUE,TRUE,FALSE,FALSE,FALSE,FALSE,FALSE,TRUE,DE; OT,Death; Other serious or important medical event
168547412,16854741,2,2025,Q4,F,,,20190920,2019-09-20,20190926,2019-09-26,20251112,2025-11-12,20251112,2025-11-12,2025,EXP,CO-009507513-1909COL010236,MERCK SHARP + DOHME LLC,,,,,,Unknown,,,,HP,CO,CO,Y,1,1,pembrolizumab,PD-1,PD-1,1,1,1,0,1,Bradycardia,0,,TRUE,FALSE,FALSE,FALSE,FALSE,FALSE,FALSE,FALSE,TRUE,OT,Other serious or important medical event
168558632,16855863,2,2025,Q4,F,,,20190920,2019-09-20,20190926,2019-09-26,20251112,2025-11-12,20251112,2025-11-12,2025,EXP,CO-009507513-1909COL011413,MERCK SHARP + DOHME LLC,,,,,,Unknown,,,,HP,CO,CO,Y,1,1,pembrolizumab,PD-1,PD-1,1,1,1,0,1,Death,0,,TRUE,TRUE,TRUE,FALSE,FALSE,FALSE,FALSE,FALSE,TRUE,DE; OT,Death; Other serious or important medical event
168559662,16855966,2,2025,Q4,F,,,20190920,2019-09-20,20190926,2019-09-26,20251113,2025-11-13,20251113,2025-11-13,2025,EXP,CO-009507513-1909COL011422,MERCK SHARP + DOHME LLC,,,,,,Unknown,,,,HP,CO,CO,Y,1,1,pembrolizumab,PD-1,PD-1,1,1,1,0,1,Death,0,,TRUE,TRUE,TRUE,FALSE,FALSE,FALSE,FALSE,FALSE,TRUE,DE; OT,Death; Other serious or important medical event
168582582,16858258,2,2025,Q1,F,,,20241129,2024-11-29,20190926,2019-09-26,20250106,2025-01-06,20250106,2025-01-06,2025,EXP,CO-009507513-1909COL010895,MERCK,,,,,,Unknown,,,,HP,CO,CO,Y,1,1,pembrolizumab,PD-1,PD-1,1,1,1,0,1,Death,0,,TRUE,TRUE,TRUE,FALSE,FALSE,FALSE,FALSE,FALSE,TRUE,DE; OT,Death; Other serious or important medical event
168596772,16859677,2,2025,Q4,F,,,20190920,2019-09-20,20190927,2019-09-27,20251113,2025-11-13,20251113,2025-11-13,2025,EXP,CO-009507513-1909COL011958,MERCK SHARP + DOHME LLC,,,,,,Unknown,,,,HP,CO,CO,Y,1,1,pembrolizumab,PD-1,PD-1,1,1,1,0,1,Alveolitis,0,,TRUE,FALSE,FALSE,FALSE,FALSE,FALSE,FALSE,FALSE,TRUE,OT,Other serious or important medical event
168602482,16860248,2,2025,Q4,F,,,20190920,2019-09-20,20190927,2019-09-27,20251113,2025-11-13,20251113,2025-11-13,2025,EXP,CO-009507513-1909COL010342,MERCK SHARP + DOHME LLC,,,,,,Unknown,,,,HP,CO,CO,Y,1,1,pembrolizumab,PD-1,PD-1,1,1,1,0,1,Death,0,,TRUE,TRUE,TRUE,FALSE,FALSE,FALSE,FALSE,FALSE,TRUE,DE; OT,Death; Other serious or important medical event
168613092,16861309,2,2025,Q4,F,,,20190920,2019-09-20,20190927,2019-09-27,20251113,2025-11-13,20251113,2025-11-13,2025,EXP,CO-009507513-1909COL013985,MERCK SHARP + DOHME LLC,,,,,,Unknown,,,,HP,CO,CO,Y,1,1,pembrolizumab,PD-1,PD-1,1,1,1,0,1,Non-small cell lung cancer metastatic,0,,TRUE,FALSE,FALSE,FALSE,FALSE,FALSE,FALSE,FALSE,TRUE,OT,Other serious or important medical event
168614602,16861460,2,2025,Q4,F,,,20190920,2019-09-20,20190927,2019-09-27,20251113,2025-11-13,20251113,2025-11-13,2025,EXP,CO-009507513-1909COL012867,MERCK SHARP + DOHME LLC,,,,,,Unknown,,,,HP,CO,CO,Y,1,1,pembrolizumab,PD-1,PD-1,1,1,1,0,1,Recurrent cancer,0,,TRUE,FALSE,FALSE,FALSE,FALSE,FALSE,FALSE,FALSE,TRUE,OT,Other serious or important medical event
168619652,16861965,2,2025,Q4,F,,,20190920,2019-09-20,20190927,2019-09-27,20251113,2025-11-13,20251113,2025-11-13,2025,EXP,CO-009507513-1909COL010310,MERCK SHARP + DOHME LLC,,,,,,Unknown,,,,HP,CO,CO,Y,1,1,pembrolizumab,PD-1,PD-1,1,1,1,0,1,Death,0,,TRUE,TRUE,TRUE,FALSE,FALSE,FALSE,FALSE,FALSE,FALSE,DE,Death
168620542,16862054,2,2025,Q4,F,,,20190920,2019-09-20,20190927,2019-09-27,20251113,2025-11-13,20251113,2025-11-13,2025,EXP,CO-009507513-1909COL010402,MERCK SHARP + DOHME LLC,,,,,,Unknown,,,,HP,CO,CO,Y,1,1,pembrolizumab,PD-1,PD-1,1,1,1,0,1,Metastatic malignant melanoma,0,,TRUE,FALSE,FALSE,FALSE,FALSE,FALSE,FALSE,FALSE,TRUE,OT,Other serious or important medical event
168622082,16862208,2,2025,Q4,F,,,20190920,2019-09-20,20190927,2019-09-27,20251113,2025-11-13,20251113,2025-11-13,2025,EXP,CO-009507513-1909COL010410,MERCK SHARP + DOHME LLC,,,,,,Unknown,,,,HP,CO,CO,Y,1,1,pembrolizumab,PD-1,PD-1,1,1,1,0,1,Metastatic malignant melanoma,0,,TRUE,FALSE,FALSE,FALSE,FALSE,FALSE,FALSE,FALSE,TRUE,OT,Other serious or important medical event
168633252,16863325,2,2025,Q4,F,,,20190920,2019-09-20,20190927,2019-09-27,20251113,2025-11-13,20251113,2025-11-13,2025,EXP,CO-009507513-1909COL011671,MERCK SHARP + DOHME LLC,,,,,,Unknown,,,,HP,CO,CO,Y,1,1,pembrolizumab,PD-1,PD-1,1,1,1,0,1,Death,0,,TRUE,TRUE,TRUE,FALSE,FALSE,FALSE,FALSE,FALSE,FALSE,DE,Death
168653072,16865307,2,2025,Q4,F,,,20190920,2019-09-20,20190930,2019-09-30,20251113,2025-11-13,20251113,2025-11-13,2025,EXP,CO-009507513-1909COL010498,MERCK SHARP + DOHME LLC,,,,,,Unknown,,,,HP,CO,CO,Y,1,1,pembrolizumab,PD-1,PD-1,1,1,1,0,1,Death,0,,TRUE,TRUE,TRUE,FALSE,FALSE,FALSE,FALSE,FALSE,FALSE,DE,Death
168701832,16870183,2,2025,Q4,F,,,20190920,2019-09-20,20190930,2019-09-30,20251111,2025-11-11,20251111,2025-11-11,2025,EXP,CO-009507513-1909COL012284,MERCK SHARP + DOHME LLC,,,,,,Unknown,,,,HP,CO,CO,Y,1,1,pembrolizumab,PD-1,PD-1,1,1,1,0,1,Metastatic malignant melanoma,0,,TRUE,FALSE,FALSE,FALSE,FALSE,FALSE,FALSE,FALSE,TRUE,OT,Other serious or important medical event
168919915,16891991,5,2025,Q2,F,20190808,2019-08-08,20250521,2025-05-21,20191007,2019-10-07,20250522,2025-05-22,20250522,2025-05-22,2025,EXP,IT-GILEAD-2019-0414926,GILEAD,34,YR,34,A,F,Female,,,,MD,IT,IT,Y,1,1,pembrolizumab,PD-1,PD-1,4,4,1,3,4,Autoimmune colitis; Cytokine release syndrome; Eosinophilia; Tremor,1,Primary mediastinal large B-cell lymphoma,TRUE,FALSE,FALSE,FALSE,FALSE,FALSE,FALSE,FALSE,TRUE,OT,Other serious or important medical event
169430629,16943062,9,2025,Q1,F,20180720,2018-07-20,20250129,2025-01-29,20191021,2019-10-21,20250204,2025-02-04,20250204,2025-02-04,2025,EXP,PHJP2018JP018965,NOVARTIS,30,YR,30,,F,Female,,,,MD,JP,JP,Y,1,1,pembrolizumab,PD-1,PD-1,7,3,1,2,13,Alanine aminotransferase abnormal; Arthralgia; Aspartate aminotransferase abnormal; Blood creatine phosphokinase increased; Erythema nodosum; Gamma-glutamyltransferase increased; Liver disorder; Myalgia; Pyrexia; Rash; Rhabdomyolysis; Vertigo; Vomiting,3,Lung adenocarcinoma; Lung adenocarcinoma stage III; Non-small cell lung cancer,TRUE,FALSE,FALSE,FALSE,FALSE,FALSE,FALSE,FALSE,TRUE,OT,Other serious or important medical event
171176752,17117675,2,2025,Q3,F,20160501,2016-05-01,20250825,2025-08-25,20191205,2019-12-05,20250829,2025-08-29,20250829,2025-08-29,2025,EXP,EU-MYLANLABS-2019M1119637,MYLAN,16,YR,16,,F,Female,,,,,EU,EU,Y,1,1,pembrolizumab,PD-1,PD-1,5,5,1,4,3,Headache; Seizure; Vision blurred,3,Dyspnoea; Epilepsy; Metastases to central nervous system,TRUE,TRUE,TRUE,FALSE,TRUE,FALSE,FALSE,FALSE,TRUE,DE; HO; OT,Death; Hospitalization - initial or prolonged; Other serious or important medical event
175707042,17570704,2,2025,Q1,F,,,20250219,2025-02-19,20200323,2020-03-23,20250303,2025-03-03,20250303,2025-03-03,2025,EXP,US-AUROBINDO-AUR-APL-2020-014520,AUROBINDO,18,YR,18,,F,Female,,,,MD,US,US,Y,1,1,pembrolizumab,PD-1,PD-1,6,6,1,5,3,Diaphragmatic paralysis; Pneumocystis jirovecii pneumonia; Pulmonary embolism,2,Pneumocystis jirovecii pneumonia; Primary mediastinal large B-cell lymphoma,TRUE,TRUE,FALSE,FALSE,TRUE,FALSE,FALSE,FALSE,TRUE,HO; OT,Hospitalization - initial or prolonged; Other serious or important medical event
176787903,17678790,3,2025,Q4,F,,,20200414,2020-04-14,20200417,2020-04-17,20251113,2025-11-13,20251113,2025-11-13,2025,EXP,CA-009507513-1810CAN000331,MERCK SHARP + DOHME LLC,,,,,,Unknown,,,,HP,CA,CA,Y,3,3,atezolizumab; nivolumab; pembrolizumab,PD-1; PD-L1,PD-1; PD-L1,3,3,3,0,5,Colitis; Hepatitis; Immune-mediated adverse reaction; Nausea; Pneumonitis,1,Non-small cell lung cancer metastatic,TRUE,TRUE,TRUE,FALSE,FALSE,FALSE,FALSE,FALSE,TRUE,DE; OT,Death; Other serious or important medical event
177373603,17737360,3,2025,Q4,F,,,20251204,2025-12-04,20200504,2020-05-04,20251219,2025-12-19,20251219,2025-12-19,2025,EXP,EU-SUN PHARMACEUTICAL INDUSTRIES LTD-2020R1-245545,RANBAXY,30,YR,30,,F,Female,,,,MD,EU,EU,Y,1,2,pembrolizumab,PD-1,PD-1,10,5,2,4,11,Cardiac failure acute; Cardiogenic shock; Myocarditis; Nausea; Parvovirus B19 test positive; Product use in unapproved indication; Roseolovirus test positive; Therapeutic product effect incomplete; Ventricular extrasystoles; Ventricular tachycardia; Vomiting,1,Non-small cell lung cancer,TRUE,TRUE,FALSE,TRUE,TRUE,FALSE,FALSE,FALSE,TRUE,HO; LT; OT,Hospitalization - initial or prolonged; Life-threatening; Other serious or important medical event
177847682,17784768,2,2025,Q3,F,,,20250912,2025-09-12,20200513,2020-05-13,20250918,2025-09-18,20250918,2025-09-18,2025,EXP,EU-ELI_LILLY_AND_COMPANY-DE202004009873,ELI LILLY AND COMPANY,30,YR,30,A,F,Female,,,,HP,EU,EU,Y,1,1,pembrolizumab,PD-1,PD-1,3,3,1,2,2,Nausea; Vomiting,1,Non-small cell lung cancer metastatic,FALSE,FALSE,FALSE,FALSE,FALSE,FALSE,FALSE,FALSE,FALSE,,
178054045,17805404,5,2025,Q1,F,20200101,2020-01-01,20250226,2025-02-26,20200519,2020-05-19,20250307,2025-03-07,20250307,2025-03-07,2025,EXP,US-009507513-2005USA006441,MERCK SHARP + DOHME LLC,,,,,F,Female,,,,CN,US,US,Y,1,2,pembrolizumab,PD-1,PD-1,3,2,2,1,16,Blood glucose increased; Blood thyroid stimulating hormone increased; Diarrhoea; Dizziness; Fatigue; Gastric ulcer; Haematemesis; Haematochezia; Headache; Ocular discomfort; Peripheral swelling; Photophobia; Psoriasis; Stomatitis; Vision blurred; Weight decreased,1,Lung neoplasm malignant,TRUE,FALSE,FALSE,FALSE,FALSE,FALSE,FALSE,FALSE,TRUE,OT,Other serious or important medical event
178678702,17867870,2,2025,Q2,F,,,20250606,2025-06-06,20200606,2020-06-06,20250621,2025-06-21,20250621,2025-06-21,2025,EXP,US-AUROBINDO-AUR-APL-2020-026836,AUROBINDO,62,YR,62,,M,Male,,,,MD,US,US,Y,1,1,pembrolizumab,PD-1,PD-1,6,6,1,5,1,Treatment failure,2,Colorectal adenocarcinoma; Product used for unknown indication,TRUE,TRUE,FALSE,TRUE,FALSE,FALSE,FALSE,FALSE,TRUE,LT; OT,Life-threatening; Other serious or important medical event
178756516,17875651,6,2025,Q2,F,,,20250519,2025-05-19,20200609,2020-06-09,20250603,2025-06-03,20250603,2025-06-03,2025,EXP,FR-MYLANLABS-2020M1054534,AUROBINDO,73,YR,73,,M,Male,,,,MD,FR,FR,Y,2,8,nivolumab; pembrolizumab,PD-1,PD-1,21,7,8,5,7,Aortic aneurysm; Bacterial diarrhoea; Colitis microscopic; Condition aggravated; Diarrhoea; Drug ineffective; Treatment failure,6,Colitis microscopic; Diarrhoea; Metastases to bone; Metastases to lung; Metastases to lymph nodes; Metastatic malignant melanoma,TRUE,TRUE,TRUE,FALSE,FALSE,FALSE,FALSE,FALSE,TRUE,DE; OT,Death; Other serious or important medical event
182301725,18230172,5,2025,Q4,F,20200602,2020-06-02,20210614,2021-06-14,20200904,2020-09-04,20251119,2025-11-19,20251113,2025-11-13,2025,PER,US-DECIPHERA PHARMACEUTICALS LLC-2020-US-000004,DECIPHERA PHARMACEUTICALS,80,YR,80,E,F,Female,,,,MD,US,US,Y,1,1,pembrolizumab,PD-1,PD-1,14,10,1,9,19,Abdominal distension; Alopecia; Choking sensation; Constipation; Diarrhoea; Dry skin; Ear pruritus; Erythema; Flatulence; Hair texture abnormal; Muscle spasms; Myalgia; Neoplasm progression; Product coating issue; Pruritus; Rash; Skin irritation; Squamous cell carcinoma of skin; Stress,20,Antioxidant therapy; Asthenia; Blood glucose abnormal; Blood pressure measurement; Bone disorder; Cardiac disorder; Cardiovascular event prophylaxis; Connective tissue disorder; Constipation; Functional gastrointestinal disorder; Gastrointestinal disorder; Gastrointestinal motility disorder; Gastrointestinal stromal tumour; Impaired healing; Inflammation; Insomnia; Neoplasm malignant; Neurodegenerative disorder; Oral bacterial infection; Pulse abnormal,TRUE,FALSE,FALSE,FALSE,FALSE,FALSE,FALSE,FALSE,TRUE,OT,Other serious or important medical event
