year,quarter,table,raw_rows
2025,Q1,demo,400514
2025,Q1,drug,2008162
2025,Q1,reac,1432926
2025,Q1,outc,304027
2025,Q1,indi,1205861
2025,Q1,ther,520395
2025,Q1,rpsr,11033
2025,Q1,delete,5732
2025,Q2,demo,393130
2025,Q2,drug,1829056
2025,Q2,reac,1340666
2025,Q2,outc,295583
2025,Q2,indi,1136665
2025,Q2,ther,512759
2025,Q2,rpsr,11105
2025,Q2,delete,6371
2025,Q3,demo,438512
2025,Q3,drug,2148451
2025,Q3,reac,1535133
2025,Q3,outc,343251
2025,Q3,indi,1310274
2025,Q3,ther,514480
2025,Q3,rpsr,11107
2025,Q3,delete,4947
2025,Q4,demo,385288
2025,Q4,drug,1815349
2025,Q4,reac,1349105
2025,Q4,outc,289721
2025,Q4,indi,1168789
2025,Q4,ther,454746
2025,Q4,rpsr,10694
2025,Q4,delete,4497
