reporter_country,n_cases
JP,12610
US,8141
EU,5820
FR,2034
CN,1335
CA,1063
IN,1030
DE,626
GB,584
IT,482
KR,441
ES,418
TW,416
AU,390
CH,352
TH,297
BR,218
RU,218
VN,188
PL,174
PK,171
PT,161
CO,134
IL,108
PH,99
RO,99
AT,94
CZ,92
TR,90
EG,83
MY,77
BE,72
GR,69
AR,68
COUNTRY NOT SPECIFIED,66
MX,65
NL,65
SE,65
HR,60
SG,57
NZ,52
RS,51
LB,44
ID,43
DK,32
HK,32
CL,28
SI,28
NO,27
BG,25
HU,25
PR,22
ZA,22
PE,21
CR,20
FI,20
SK,19
EC,15
AE,14
IE,14
GE,13
SA,12
KE,11
UY,11
UA,10
IS,8
EE,7
KW,7
ME,7
BA,6
GT,6
KZ,6
LT,6
MK,6
PY,6
DZ,5
MA,5
AM,4
BY,4
IQ,4
IR,4
JO,4
QA,4
BD,3
CY,3
MM,3
NC,3
PA,3
SY,3
AL,2
BH,2
DO,2
HN,2
LU,2
LV,2
MO,2
NG,2
TN,2
BN,1
GG,1
GP,1
GU,1
LK,1
MQ,1
MT,1
OM,1
VE,1
YE,1
