variable,n_missing,pct_missing
weight_kg,31058,78.85
weight_raw,31058,78.85
wt_cod,31058,78.85
age_grp,23679,60.12
event_date,18712,47.51
event_dt_raw,18712,47.51
age_cod,10171,25.82
age_raw,10171,25.82
age_years,10171,25.82
sex_raw,5269,13.38
occp_cod,3599,9.14
outcome_codes,3329,8.45
outcome_labels,3329,8.45
indication_terms,2631,6.68
occr_country,566,1.44
mfr_num,487,1.24
case_version,0,0
caseid,0,0
congenital_anomaly,0,0
death,0,0
disability,0,0
e_sub,0,0
fda_date,0,0
fda_dt_raw,0,0
has_outcome_record,0,0
hospitalization,0,0
i_f_code,0,0
ici_agents,0,0
ici_classes,0,0
ici_targets,0,0
init_fda_dt_raw,0,0
initial_fda_date,0,0
life_threatening,0,0
manufacturer_date,0,0
mfr_dt_raw,0,0
mfr_sndr,0,0
n_concomitant_drug_names,0,0
n_drug_rows,0,0
n_ici_agents,0,0
n_ici_drug_records,0,0
n_ici_drug_rows,0,0
n_indications,0,0
n_reactions,0,0
n_unique_drug_names,0,0
other_outcome,0,0
primaryid,0,0
reaction_terms,0,0
report_date,0,0
report_year,0,0
reporter_country,0,0
rept_cod,0,0
rept_dt_raw,0,0
required_intervention,0,0
serious_outcome,0,0
sex_standard,0,0
source_quarter,0,0
source_year,0,0
